pathway,x
A tetrasaccharide linker sequence is required for GAG synthesis,12084.26685
ABC transporter disorders,18547.16971
ABC-family proteins mediated transport,17918.1584
ADP signalling through P2Y purinoceptor 1,16846.71733
ADP signalling through P2Y purinoceptor 12,22004.05161
AKT phosphorylates targets in the cytosol,10041.24948
APC-Cdc20 mediated degradation of Nek2A,3635.194505
APC/C-mediated degradation of cell cycle proteins,15711.12284
APC/C:Cdc20 mediated degradation of Cyclin B,5341.077024
APC/C:Cdc20 mediated degradation of Securin,16132.7481
APC/C:Cdc20 mediated degradation of mitotic proteins,15959.04663
APC/C:Cdh1 mediated degradation of Cdc20 and other APC/C:Cdh1 targeted proteins in late mitosis/early G1,15806.37259
APC:Cdc20 mediated degradation of cell cycle proteins prior to satisfation of the cell cycle checkpoint,15364.2188
ATF4 activates genes in response to endoplasmic reticulum  stress,12766.51079
ATF6 (ATF6-alpha) activates chaperone genes,4667.093087
ATF6 (ATF6-alpha) activates chaperones,6051.291925
AUF1 (hnRNP D0) binds and destabilizes mRNA,18229.81143
AURKA Activation by TPX2,13447.56466
Abortive elongation of HIV-1 transcript in the absence of Tat,19667.07288
Activated NOTCH1 Transmits Signal to the Nucleus,13297.84889
Activated NTRK2 signals through FRS2 and FRS3,9320.507428
Activation of AMPK downstream of NMDARs,17657.23071
Activation of APC/C and APC/C:Cdc20 mediated degradation of mitotic proteins,15710.09812
Activation of ATR in response to replication stress,10960.38444
Activation of BH3-only proteins,13131.70968
Activation of G protein gated Potassium channels,23044.48274
Activation of GABAB receptors,20987.39138
Activation of HOX genes during differentiation,15502.985
Activation of IRF3/IRF7 mediated by TBK1/IKK epsilon,7566.688582
Activation of Matrix Metalloproteinases,17354.16873
Activation of NF-kappaB in B cells,17741.65869
Activation of NMDA receptors and postsynaptic events,17682.80736
Activation of RAC1,7451.713202
Activation of anterior HOX genes in hindbrain development during early embryogenesis,15502.985
Activation of gene expression by SREBF (SREBP),7603.925971
Activation of kainate receptors upon glutamate binding,19516.79489
Activation of the AP-1 family of transcription factors,18683.99107
"Activation of the mRNA upon binding of the cap-binding complex and eIFs, and subsequent binding to 43S",11223.33596
Activation of the pre-replicative complex,7873.467191
Acyl chain remodelling of PC,10384.99943
Adaptive Immune System,14299.2736
Adherens junctions interactions,14038.62231
"Adrenaline,noradrenaline inhibits insulin secretion",20602.00483
Amino acid transport across the plasma membrane,15481.61825
Amino acids regulate mTORC1,18258.70819
Amplification  of signal from unattached  kinetochores via a MAD2  inhibitory signal,9867.930367
Amplification of signal from the kinetochores,9867.930367
Amyloid fiber formation,10314.16036
Anchoring of the basal body to the plasma membrane,14242.93503
Antigen activates B Cell Receptor (BCR) leading to generation of second messengers,10177.57011
Antigen processing-Cross presentation,17401.16756
Antiviral mechanism by IFN-stimulated genes,13857.98785
Apoptosis,15774.84677
Apoptotic cleavage of cellular proteins,18923.36448
Apoptotic execution phase,16946.19373
Apoptotic factor-mediated response,17481.96354
Aquaporin-mediated transport,20058.56292
Arachidonic acid metabolism,14247.46475
Asparagine N-linked glycosylation,14381.32399
Assembly Of The HIV Virion,10912.42807
Assembly and cell surface presentation of NMDA receptors,22854.05829
Assembly of collagen fibrils and other multimeric structures,15143.97794
Assembly of the pre-replicative complex,14706.30018
Association of TriC/CCT with target proteins during biosynthesis,13329.80177
Asymmetric localization of PCP proteins,17815.55015
Attenuation phase,21870.1908
Autodegradation of Cdh1 by Cdh1:APC/C,16521.34508
Autodegradation of the E3 ubiquitin ligase COP1,18032.59467
Autophagy,15425.88122
Axon guidance,14439.75722
B-WICH complex positively regulates rRNA expression,15212.65895
BBSome-mediated cargo-targeting to cilium,16931.85868
"BMAL1:CLOCK,NPAS2 activates circadian gene expression",5311.616654
Base Excision Repair,12194.25127
Basigin interactions,14123.82469
Beta-catenin independent WNT signaling,17677.63977
Beta-catenin phosphorylation cascade,9876.002668
Bile acid and bile salt metabolism,8702.912514
Binding and Uptake of Ligands by Scavenger Receptors,20317.49485
Biological oxidations,13090.62403
"Biosynthesis of the N-glycan precursor (dolichol lipid-linked oligosaccharide, LLO) and transfer to a nascent protein",14070.07547
Biotin transport and metabolism,20795.92022
Branched-chain amino acid catabolism,21357.76324
Budding and maturation of HIV virion,16839.48214
Butyrate Response Factor 1 (BRF1) binds and destabilizes mRNA,17464.32909
C-type lectin receptors (CLRs),16552.02602
CASP8 activity is inhibited,5199.374851
CD209 (DC-SIGN) signaling,9939.156982
CD28 co-stimulation,8759.932225
CD28 dependent PI3K/Akt signaling,12693.237
CDC6 association with the ORC:origin complex,12584.20235
CDK-mediated phosphorylation and removal of Cdc6,16086.35243
CDT1 association with the CDC6:ORC:origin complex,16920.17801
CLEC7A (Dectin-1) induces NFAT activation,14708.55043
CLEC7A (Dectin-1) signaling,17161.99566
COPI-dependent Golgi-to-ER retrograde traffic,11745.02617
COPI-independent Golgi-to-ER retrograde traffic,11615.60043
COPI-mediated anterograde transport,14340.71228
COPII-mediated vesicle transport,16791.10346
CREB1 phosphorylation through NMDA receptor-mediated activation of RAS signaling,13579.99015
CREB1 phosphorylation through the activation of Adenylate Cyclase,15474.32421
CRMPs in Sema3A signaling,15055.13201
CTLA4 inhibitory signaling,8882.823044
Ca-dependent events,11417.86331
Ca2+ pathway,16487.24798
CaM pathway,12973.77395
CaMK IV-mediated phosphorylation of CREB,10068.29404
Calmodulin induced events,12973.77395
Calnexin/calreticulin cycle,12908.00541
Cap-dependent Translation Initiation,11277.15073
Carboxyterminal post-translational modifications of tubulin,14056.94526
Cardiac conduction,15839.5876
Cargo concentration in the ER,18535.19052
Cargo recognition for clathrin-mediated endocytosis,12094.42226
Cargo trafficking to the periciliary membrane,13326.44467
Caspase activation via extrinsic apoptotic signalling pathway,7451.042818
Caspase-mediated cleavage of cytoskeletal proteins,18769.27665
Cdc20:Phospho-APC/C mediated degradation of Cyclin A,15366.79856
Cell Cycle,13389.7512
Cell Cycle Checkpoints,13563.19559
"Cell Cycle, Mitotic",12383.52122
"Cell death signalling via NRAGE, NRIF and NADE",11856.84437
Cell junction organization,14242.16528
Cell surface interactions at the vascular wall,10936.96169
Cell-Cell communication,12811.93991
Cell-cell junction organization,14774.82115
Cell-extracellular matrix interactions,18527.79796
Cellular Senescence,8349.973371
Cellular response to heat stress,14736.4126
Cellular response to hypoxia,16894.50496
Cellular responses to external stimuli,14343.60858
Cellular responses to stress,14318.46427
Centrosome maturation,13501.77596
Chaperone Mediated Autophagy,6960.825295
Chaperonin-mediated protein folding,15040.03206
Chemokine receptors bind chemokines,20450.0486
Chk1/Chk2(Cds1) mediated inactivation of Cyclin B:Cdk1 complex,24457.37093
Cholesterol biosynthesis,11541.32708
Chondroitin sulfate biosynthesis,9826.988514
Chondroitin sulfate/dermatan sulfate metabolism,12225.99549
Chromatin modifying enzymes,11598.42741
Chromatin organization,11598.42741
Chromosome Maintenance,12435.83557
Cilium Assembly,13363.87659
Circadian Clock,10029.42903
Citric acid cycle (TCA cycle),18943.48907
Class A/1 (Rhodopsin-like receptors),16427.93901
Class B/2 (Secretin family receptors),19441.18171
Class I MHC mediated antigen processing & presentation,15220.54484
Class I peroxisomal membrane protein import,16776.70134
Clathrin-mediated endocytosis,13034.57864
"Cobalamin (Cbl, vitamin B12) transport and metabolism",14391.61305
Cohesin Loading onto Chromatin,16917.1256
Collagen biosynthesis and modifying enzymes,12552.31829
Collagen chain trimerization,21695.89614
Collagen degradation,14079.13985
Collagen formation,12377.90775
Complement cascade,10494.85417
Complex I biogenesis,16410.46072
Condensation of Prometaphase Chromosomes,9262.286906
Condensation of Prophase Chromosomes,7140.477298
Constitutive Signaling by AKT1 E17K in Cancer,10212.83366
Constitutive Signaling by Aberrant PI3K in Cancer,13420.88471
Constitutive Signaling by EGFRvIII,6791.410909
Constitutive Signaling by Ligand-Responsive EGFR Cancer Variants,5675.107407
Constitutive Signaling by NOTCH1 HD Domain Mutants,14548.81107
Constitutive Signaling by NOTCH1 HD+PEST Domain Mutants,13213.36347
Constitutive Signaling by NOTCH1 PEST Domain Mutants,13213.36347
Conversion from APC/C:Cdc20 to APC/C:Cdh1 in late anaphase,6326.476653
Cooperation of PDCL (PhLP1) and TRiC/CCT in G-protein beta folding,19724.99654
Cooperation of Prefoldin and TriC/CCT  in actin and tubulin folding,15040.46467
Costimulation by the CD28 family,9215.123542
Cristae formation,20248.25022
Cross-presentation of soluble exogenous antigens (endosomes),19025.63834
Cyclin A/B1/B2 associated events during G2/M transition,11295.4308
Cyclin A:Cdk2-associated events at S phase entry,18019.67769
Cyclin D associated events in G1,10223.71838
Cytochrome P450 - arranged by substrate type,15840.58621
Cytochrome c-mediated apoptotic response,20355.01434
Cytokine Signaling in Immune system,14067.12169
Cytosolic iron-sulfur cluster assembly,20942.05965
Cytosolic sulfonation of small molecules,16936.13829
DAG and IP3 signaling,12372.38717
DAP12 interactions,8862.101414
DAP12 signaling,8862.101414
DARPP-32 events,17369.27876
DCC mediated attractive signaling,12199.90863
DDX58/IFIH1-mediated induction of interferon-alpha/beta,8961.042616
DNA Damage Bypass,9025.398132
DNA Damage Recognition in GG-NER,11903.71595
DNA Damage/Telomere Stress Induced Senescence,12225.17358
DNA Double Strand Break Response,13769.42481
DNA Double-Strand Break Repair,13617.1864
DNA Repair,12915.27764
DNA Replication,13057.53567
DNA Replication Pre-Initiation,13900.29978
DNA strand elongation,8764.480546
Deactivation of the beta-catenin transactivating complex,15161.57885
Deadenylation of mRNA,9547.679262
Deadenylation-dependent mRNA decay,13522.73077
Death Receptor Signalling,13058.94539
Dectin-1 mediated noncanonical NF-kB signaling,17694.06261
Defective B3GALT6 causes EDSP2 and SEMDJL1,15309.21621
Defective B3GALTL causes Peters-plus syndrome (PpS),21230.47301
Defective B3GAT3 causes JDSSDHD,14305.89174
"Defective B4GALT7 causes EDS, progeroid type",14375.17338
Defective CFTR causes cystic fibrosis,18589.49552
Defective TPR may confer susceptibility towards thyroid papillary carcinoma (TPC),14989.79594
Defects in vitamin and cofactor metabolism,17175.66893
Degradation of AXIN,18303.5452
Degradation of DVL,18037.10109
Degradation of GLI1 by the proteasome,17360.7523
Degradation of GLI2 by the proteasome,17173.82286
Degradation of beta-catenin by the destruction complex,16539.73718
Degradation of cysteine and homocysteine,6300.117244
Degradation of the extracellular matrix,15639.72218
Depolymerisation of the Nuclear Lamina,17157.98565
Deposition of new CENPA-containing nucleosomes at the centromere,13419.93534
Deregulated CDK5 triggers multiple neurodegenerative pathways in Alzheimer's disease models,6508.462486
Detoxification of Reactive Oxygen Species,7009.220572
Deubiquitination,15401.44577
Developmental Biology,13932.021
Dimerization of procaspase-8,5199.374851
Disassembly of the destruction complex and recruitment of AXIN to the membrane,12186.14501
Disease,15605.88725
Diseases associated with O-glycosylation of proteins,19235.3161
Diseases associated with glycosaminoglycan metabolism,12226.62651
Diseases associated with the TLR signaling cascade,10067.34976
Diseases of Immune System,10067.34976
Diseases of carbohydrate metabolism,17126.42336
Diseases of glycosylation,14614.57191
Diseases of metabolism,16725.43906
Diseases of signal transduction,15343.72537
Disorders of transmembrane transporters,17362.23063
Dopamine Neurotransmitter Release Cycle,19527.25756
Downregulation of ERBB2 signaling,9276.105117
Downregulation of ERBB2:ERBB3 signaling,14052.98674
Downregulation of SMAD2/3:SMAD4 transcriptional activity,5038.072169
Downregulation of TGF-beta receptor signaling,12019.68087
Downstream TCR signaling,17506.71365
Downstream signal transduction,13930.40113
Downstream signaling events of B Cell Receptor (BCR),17811.02368
Downstream signaling of activated FGFR1,9877.540626
Downstream signaling of activated FGFR2,7233.631195
Downstream signaling of activated FGFR3,7087.098993
Downstream signaling of activated FGFR4,7046.885919
Dual Incision in GG-NER,9169.39458
Dual incision in TC-NER,13643.7523
E2F mediated regulation of DNA replication,12696.76854
E3 ubiquitin ligases ubiquitinate target proteins,14670.93598
ECM proteoglycans,15930.61763
EGFR downregulation,9838.892558
EPH-Ephrin signaling,13150.19789
EPH-ephrin mediated repulsion of cells,13565.45489
EPHA-mediated growth cone collapse,9394.855706
EPHB-mediated forward signaling,11985.71546
ER Quality Control Compartment (ERQC),14628.34646
ER to Golgi Anterograde Transport,14554.5274
ER-Phagosome pathway,17372.44096
ERBB2 Regulates Cell Motility,12132.39335
ERK/MAPK targets,9951.260461
ERKs are inactivated,10246.15846
ESR-mediated signaling,14577.06985
Early Phase of HIV Life Cycle,19006.49408
Elastic fibre formation,12572.36836
Endogenous sterols,10581.08876
Endosomal Sorting Complex Required For Transport (ESCRT),15834.19005
Energy dependent regulation of mTOR by LKB1-AMPK,20172.56257
Ephrin signaling,13869.83688
Epigenetic regulation of gene expression,15749.25605
Erythropoietin activates RAS,8654.106997
Establishment of Sister Chromatid Cohesion,13215.42191
Estrogen-dependent gene expression,15154.17058
Estrogen-dependent nuclear events downstream of ESR-membrane signaling,10953.8089
Eukaryotic Translation Elongation,10723.77886
Eukaryotic Translation Initiation,11277.15073
Eukaryotic Translation Termination,13655.06174
Export of Viral Ribonucleoproteins from Nucleus,15541.89413
Extension of Telomeres,10197.65801
Extra-nuclear estrogen signaling,14800.98342
Extracellular matrix organization,12202.95864
FBXL7 down-regulates AURKA during mitotic entry and in early mitosis,17732.87082
FCERI mediated Ca+2 mobilization,11202.32062
FCERI mediated MAPK activation,10239.06991
FCERI mediated NF-kB activation,17917.1313
FGFR1 mutant receptor activation,7936.066982
FGFR2 alternative splicing,19477.73867
FGFR2 mutant receptor activation,16624.10022
FLT3 Signaling,14314.64184
FOXO-mediated transcription,14047.33045
FOXO-mediated transcription of cell cycle genes,12300.67258
FOXO-mediated transcription of cell death genes,11538.88472
"FOXO-mediated transcription of oxidative stress, metabolic and neuronal genes",10343.83068
FRS-mediated FGFR1 signaling,10861.26103
FRS-mediated FGFR2 signaling,9510.11636
FRS-mediated FGFR3 signaling,9383.434136
FRS-mediated FGFR4 signaling,9348.305014
Factors involved in megakaryocyte development and platelet production,13540.96281
Fanconi Anemia Pathway,10525.0787
Fatty acid metabolism,18145.75755
Fatty acyl-CoA biosynthesis,14882.78471
Fc epsilon receptor (FCERI) signaling,16113.12844
Fcgamma receptor (FCGR) dependent phagocytosis,10377.69397
Formation of Fibrin Clot (Clotting Cascade),11916.39594
Formation of HIV elongation complex in the absence of HIV Tat,18865.85651
Formation of HIV-1 elongation complex containing HIV-1 Tat,19398.96904
Formation of Incision Complex in GG-NER,12176.11626
Formation of TC-NER Pre-Incision Complex,15792.77899
Formation of a pool of free 40S subunits,10389.75215
Formation of apoptosome,19713.00651
Formation of the Early Elongation Complex,19382.1316
Formation of the HIV-1 Early Elongation Complex,19382.1316
Formation of the beta-catenin:TCF transactivating complex,13366.61362
Formation of the cornified envelope,5254.992529
"Formation of the ternary complex, and subsequently, the 43S complex",10298.83453
Formation of tubulin folding intermediates by CCT/TriC,16675.92677
Frs2-mediated activation,15432.58614
G alpha (12/13) signalling events,14483.29214
G alpha (i) signalling events,16055.23682
G alpha (q) signalling events,12452.85841
G alpha (s) signalling events,16748.76822
G alpha (z) signalling events,18510.35269
G beta:gamma signalling through BTK,22812.32738
G beta:gamma signalling through CDC42,20911.4025
G beta:gamma signalling through PI3Kgamma,22041.42713
G beta:gamma signalling through PLC beta,20383.64074
G protein gated Potassium channels,23044.48274
G-protein activation,21878.72525
G-protein beta:gamma signalling,18493.991
G-protein mediated events,12633.36258
G0 and Early G1,7128.776373
G1 Phase,10223.71838
G1/S DNA Damage Checkpoints,18915.45201
G1/S Transition,14460.99735
G1/S-Specific Transcription,9490.197816
G2/M Checkpoints,16216.91781
G2/M DNA damage checkpoint,16630.49716
G2/M Transition,14864.33737
GAB1 signalosome,9599.564153
GABA B receptor activation,20987.39138
GABA receptor activation,20367.72375
GLI3 is processed to GLI3R by the proteasome,16525.12765
GPCR downstream signalling,14003.92986
GPCR ligand binding,18261.95007
GPVI-mediated activation cascade,8557.924048
GRB2 events in EGFR signaling,10737.74149
GRB2 events in ERBB2 signaling,10892.56275
GTP hydrolysis and joining of the 60S ribosomal subunit,11250.89891
"Gamma carboxylation, hypusine formation and arylsulfatase activation",17940.31031
Gap junction trafficking and regulation,11066.06095
Gap-filling DNA repair synthesis and ligation in GG-NER,9823.764726
Gap-filling DNA repair synthesis and ligation in TC-NER,14046.20951
Gastrin-CREB signalling pathway via PKC and MAPK,5438.208981
Gene Silencing by RNA,15908.55029
Gene and protein expression by JAK-STAT signaling after Interleukin-12 stimulation,14057.39535
Gene expression (Transcription),14482.96721
Generation of second messenger molecules,12243.88866
Generic Transcription Pathway,14293.37496
Global Genome Nucleotide Excision Repair (GG-NER),11302.53312
Glucagon signaling in metabolic regulation,20127.6
Glucagon-like Peptide-1 (GLP1) regulates insulin secretion,20797.59784
Glucagon-type ligand receptors,21307.34712
Gluconeogenesis,16035.85715
Glucose metabolism,14100.93293
Glutamate Neurotransmitter Release Cycle,15996.08648
Glutamate and glutamine metabolism,14364.87184
"Glutamate binding, activation of AMPA receptors and synaptic plasticity",17253.85515
Glutathione conjugation,7208.489891
Glycerophospholipid biosynthesis,8406.572757
Glycogen breakdown (glycogenolysis),21072.36593
Glycogen metabolism,18317.30481
Glycogen storage diseases,17126.42336
Glycogen synthesis,15643.24028
Glycolysis,13355.13933
Glycosaminoglycan metabolism,13042.82676
Glycosphingolipid metabolism,17308.50939
Glyoxylate metabolism and glycine degradation,14839.1048
Golgi Associated Vesicle Biogenesis,15903.7227
Golgi Cisternae Pericentriolar Stack Reorganization,16180.31911
Golgi-to-ER retrograde transport,11812.76202
Growth hormone receptor signaling,13258.51557
HATs acetylate histones,14547.30043
HDACs deacetylate histones,11701.06478
HDMs demethylate histones,10854.34303
HDR through Homologous Recombination (HRR),10999.78488
HDR through Homologous Recombination (HRR) or Single Strand Annealing (SSA),12122.68506
HDR through Single Strand Annealing (SSA),10310.98609
HIV Infection,18085.18059
HIV Life Cycle,17400.75406
HIV Transcription Elongation,19398.96904
HIV Transcription Initiation,17442.34746
HIV elongation arrest and recovery,19460.35942
HS-GAG biosynthesis,12456.35423
HS-GAG degradation,20354.68781
HSF1 activation,14541.1324
HSF1-dependent transactivation,18662.75414
Hedgehog 'off' state,16498.39435
Hedgehog 'on' state,17362.55322
Hedgehog ligand biogenesis,17691.78525
Heme biosynthesis,16002.20637
Hemostasis,14331.50078
Heparan sulfate/heparin (HS-GAG) metabolism,11075.757
Hh mutants abrogate ligand secretion,17888.61002
Hh mutants that don't undergo autocatalytic processing are degraded by ERAD,17920.82712
Homologous DNA Pairing and Strand Exchange,12090.91256
Homology Directed Repair,12300.3674
Host Interactions of HIV factors,17674.55178
Host Interactions with Influenza Factors,15551.0174
IGF1R signaling cascade,8892.220553
IKK complex recruitment mediated by RIP1,10411.33683
IL-6-type cytokine receptor ligand interactions,9051.009283
IRAK1 recruits IKK complex,12802.18514
IRAK1 recruits IKK complex upon TLR7/8 or 9 stimulation,12802.18514
IRAK2 mediated activation of TAK1 complex upon TLR7/8 or 9 stimulation,12559.4824
IRE1alpha activates chaperones,18321.99381
IRS-mediated signalling,10438.1035
IRS-related events triggered by IGF1R,9592.646694
ISG15 antiviral mechanism,13235.73974
Immune System,13867.89786
Immunoregulatory interactions between a Lymphoid and a non-Lymphoid cell,11794.97178
Import of palmitoyl-CoA into the mitochondrial matrix,12191.52424
Inactivation of APC/C via direct inhibition of the APC/C complex,4250.235976
"Inactivation, recovery and regulation of the phototransduction cascade",12176.19706
"Incretin synthesis, secretion, and inactivation",13431.84976
Infectious disease,17478.0471
Inflammasomes,5035.659686
Influenza Infection,16760.43111
Influenza Life Cycle,16345.0679
Influenza Viral RNA Transcription and Replication,16257.36251
Inhibition  of voltage gated Ca2+ channels via Gbeta/gamma subunits,23044.48274
Inhibition of replication initiation of damaged DNA by RB1/E2F1,6727.519371
Inhibition of the proteolytic activity of APC/C required for the onset of anaphase by mitotic spindle checkpoint components,4250.235976
Initiation of Nuclear Envelope Reformation,19693.73966
InlB-mediated entry of Listeria monocytogenes into host cell,8750.311357
Innate Immune System,13950.54922
Inositol phosphate metabolism,10902.37163
Insertion of tail-anchored proteins into the endoplasmic reticulum membrane,8996.790492
Insulin processing,7355.831377
Insulin receptor recycling,17390.56929
Insulin receptor signalling cascade,9083.917879
Integration of energy metabolism,14340.08253
Integrin alphaIIb beta3 signaling,16550.20265
Integrin cell surface interactions,14270.74913
Integrin signaling,16550.20265
Interaction between L1 and Ankyrins,16232.18947
Interactions of Rev with host cellular proteins,13627.42586
Interactions of Vpr with host cellular proteins,16705.08378
Interconversion of nucleotide di- and triphosphates,13330.3584
Interferon Signaling,14204.11865
Interferon alpha/beta signaling,12400.64655
Interferon gamma signaling,13523.25335
Interleukin receptor SHC signaling,8782.856018
Interleukin-1 family signaling,16024.0807
Interleukin-1 signaling,16575.6757
Interleukin-10 signaling,14672.67514
Interleukin-12 family signaling,10970.41722
Interleukin-12 signaling,12967.85638
Interleukin-15 signaling,6466.405393
Interleukin-17 signaling,11872.85123
Interleukin-2 family signaling,8356.878141
Interleukin-20 family signaling,7339.539084
"Interleukin-3, Interleukin-5 and GM-CSF signaling",8970.86188
Interleukin-37 signaling,10422.16469
Interleukin-4 and Interleukin-13 signaling,13130.79185
Interleukin-6 family signaling,5939.897824
Interleukin-6 signaling,3600.265071
Interleukin-7 signaling,5920.739899
Intra-Golgi and retrograde Golgi-to-ER traffic,11564.30391
Intra-Golgi traffic,12725.89071
Intracellular signaling by second messengers,15473.68902
Intraflagellar transport,8778.457648
Intrinsic Pathway for Apoptosis,13089.51035
Inwardly rectifying K+ channels,23144.89996
Ion channel transport,16944.42971
Ion homeostasis,17673.73033
Ion transport by P-type ATPases,20990.25146
Iron uptake and transport,16000.29474
JNK (c-Jun kinases) phosphorylation and  activation mediated by activated human TAK1,20165.03532
KSRP (KHSRP) binds and destabilizes mRNA,18528.03952
Keratan sulfate biosynthesis,18956.87556
Keratan sulfate/keratin metabolism,14283.10194
Keratinization,8727.608821
Kinesins,9566.082612
L13a-mediated translational silencing of Ceruloplasmin expression,12974.42461
L1CAM interactions,12832.90608
LDL clearance,15048.74862
Lagging Strand Synthesis,10242.70594
Laminin interactions,11340.29356
Late Phase of HIV Life Cycle,17175.28888
Leading Strand Synthesis,9776.681866
Listeria monocytogenes entry into host cells,10383.00661
Long-term potentiation,21717.90807
Loss of Nlp from mitotic centrosomes,14027.10706
Loss of function of MECP2 in Rett syndrome,8090.083859
Lysosome Vesicle Biogenesis,15450.49898
M Phase,13390.04968
MAP kinase activation,11497.08045
MAP2K and MAPK activation,14081.61896
MAP3K8 (TPL2)-dependent MAPK1/3 activation,9343.075931
MAPK family signaling cascades,14128.2891
MAPK targets/ Nuclear events mediated by MAP kinases,12081.13725
MAPK3 (ERK1) activation,9020.900007
MAPK6/MAPK4 signaling,16526.8783
MASTL Facilitates Mitotic Progression,19926.23022
MECP2 regulates neuronal receptors and channels,19880.89574
MET activates PTK2 signaling,11134.95109
MET activates RAP1 and RAC1,16385.1593
MET activates RAS signaling,12802.4933
MET promotes cell motility,12486.96718
MHC class II antigen presentation,12903.54335
Macroautophagy,15433.8107
Major pathway of rRNA processing in the nucleolus and cytosol,16746.3047
Meiosis,15561.81716
Meiotic recombination,12688.37763
Meiotic synapsis,17690.29686
Membrane Trafficking,13164.49985
Membrane binding and targetting of GAG proteins,10912.42807
Metabolism,14684.40869
Metabolism of RNA,16256.34929
Metabolism of cofactors,11511.60443
Metabolism of fat-soluble vitamins,12905.10501
Metabolism of folate and pterines,15067.33246
Metabolism of lipids,13021.6504
Metabolism of polyamines,18937.22186
Metabolism of proteins,14310.28783
Metabolism of steroid hormones,10424.02172
Metabolism of steroids,10305.81267
Metabolism of vitamins and cofactors,13346.26868
Metabolism of water-soluble vitamins and cofactors,13789.82955
Metal ion SLC transporters,13368.27598
Metalloprotease DUBs,11508.12439
Methylation,5180.687472
MicroRNA (miRNA) biogenesis,18187.9574
Microautophagy,13068.99165
Miscellaneous transport and binding events,15815.21797
Mismatch repair (MMR) directed by MSH2:MSH3 (MutSbeta),15512.70118
Mismatch repair (MMR) directed by MSH2:MSH6 (MutSalpha),13738.41168
Misspliced GSK3beta mutants stabilize beta-catenin,9742.628069
Mitochondrial Fatty Acid Beta-Oxidation,20170.1657
Mitochondrial biogenesis,13000.6402
Mitochondrial calcium ion transport,14317.06502
Mitochondrial protein import,15753.4909
Mitochondrial tRNA aminoacylation,18664.58548
Mitochondrial translation,13382.34874
Mitochondrial translation elongation,13829.18926
Mitochondrial translation initiation,14006.42944
Mitochondrial translation termination,13629.31705
Mitophagy,13700.29417
Mitotic Anaphase,13645.3602
Mitotic G1-G1/S phases,13441.86775
Mitotic G2-G2/M phases,14714.30447
Mitotic Metaphase and Anaphase,13649.6749
Mitotic Prometaphase,11173.11557
Mitotic Prophase,14588.57624
Mitotic Spindle Checkpoint,9049.93515
Molecules associated with elastic fibres,12937.72994
Muscle contraction,14082.82087
MyD88 cascade initiated on plasma membrane,11620.81915
MyD88 dependent cascade initiated on endosome,11421.77595
MyD88:MAL(TIRAP) cascade initiated on plasma membrane,12081.65868
Myogenesis,15872.06448
N-glycan trimming in the ER and Calnexin/Calreticulin cycle,13427.25809
NCAM signaling for neurite out-growth,13104.11924
NCAM1 interactions,22456.05711
NEP/NS2 Interacts with the Cellular Export Machinery,15541.89413
NF-kB activation through FADD/RIP-1 pathway mediated by caspase-8 and -10,13170.21584
NIK-->noncanonical NF-kB signaling,17766.77758
NOD1/2 Signaling Pathway,15428.93849
NOTCH1 Intracellular Domain Regulates Transcription,11495.54976
NOTCH2 Activation and Transmission of Signal to the Nucleus,13168.64985
NOTCH3 Activation and Transmission of Signal to the Nucleus,12319.08661
NOTCH3 Intracellular Domain Regulates Transcription,16263.89036
NOTCH4 Activation and Transmission of Signal to the Nucleus,18031.71865
NOTCH4 Intracellular Domain Regulates Transcription,12679.08496
NRAGE signals death through JNK,11396.52871
NRIF signals cell death from the nucleus,15986.49339
NS1 Mediated Effects on Host Pathways,15551.0174
Neddylation,16141.19413
Nef-mediates down modulation of cell surface receptors by recruiting them to clathrin adapters,19930.91494
Negative epigenetic regulation of rRNA expression,16237.27459
Negative regulation of FGFR1 signaling,9720.081272
Negative regulation of FGFR2 signaling,9134.8814
Negative regulation of FGFR3 signaling,8939.793638
Negative regulation of FGFR4 signaling,8886.51517
Negative regulation of MAPK pathway,10573.37408
Negative regulation of MET activity,9071.131363
Negative regulation of NMDA receptor-mediated neuronal transmission,22775.34516
Negative regulation of NOTCH4 signaling,18065.79839
Negative regulation of the PI3K/AKT network,12904.5952
Nephrin family interactions,11114.52736
Netrin-1 signaling,12751.99256
Neurexins and neuroligins,19109.56778
Neurodegenerative Diseases,6508.462486
Neuronal System,18010.33942
Neurotransmitter receptors and postsynaptic signal transmission,18429.71544
Neurotransmitter release cycle,17938.14497
Nicotinamide salvaging,9489.283975
Nicotinate metabolism,10236.39331
NoRC negatively regulates rRNA expression,17095.24428
Non-integrin membrane-ECM interactions,11584.79796
Nonhomologous End-Joining (NHEJ),17619.41486
Nonsense Mediated Decay (NMD) enhanced by the Exon Junction Complex (EJC),14435.66281
Nonsense Mediated Decay (NMD) independent of the Exon Junction Complex (EJC),14862.09493
Nonsense-Mediated Decay (NMD),14435.66281
Notch-HLH transcription pathway,11092.56093
Nuclear Envelope Breakdown,16070.99705
Nuclear Envelope Reassembly,19693.73966
Nuclear Events (kinase and transcription factor activation),8818.985136
Nuclear Pore Complex (NPC) Disassembly,15947.54205
Nuclear Receptor transcription pathway,15331.47761
Nuclear import of Rev protein,14419.55653
Nuclear signaling by ERBB4,14277.25402
Nucleobase biosynthesis,20455.48097
Nucleobase catabolism,6732.679913
Nucleosome assembly,13419.93534
Nucleotide Excision Repair,12880.52207
Nucleotide salvage,13658.99226
"Nucleotide-binding domain, leucine rich repeat containing receptor (NLR) signaling pathways",11733.88073
O-glycosylation of TSR domain-containing proteins,21153.04977
O-linked glycosylation,19906.51317
O-linked glycosylation of mucins,20129.8679
Oncogene Induced Senescence,4982.90511
Oncogenic MAPK signaling,16750.99721
Opioid Signalling,16391.42755
Orc1 removal from chromatin,15117.40833
Organelle biogenesis and maintenance,13466.96719
Other interleukin signaling,16905.02047
Ovarian tumor domain proteases,11005.00531
Oxidative Stress Induced Senescence,8808.31551
Oxygen-dependent proline hydroxylation of Hypoxia-inducible Factor Alpha,16717.48317
PCNA-Dependent Long Patch Base Excision Repair,8816.159619
PCP/CE pathway,17251.78329
PERK regulates gene expression,12746.95216
PI Metabolism,10932.14638
PI3K Cascade,8533.386083
PI3K events in ERBB2 signaling,7820.429364
PI3K/AKT Signaling in Cancer,11609.27682
"PI5P, PP2A and IER3 Regulate PI3K/AKT Signaling",12223.52479
PIWI-interacting RNA (piRNA) biogenesis,18161.61497
PKA activation in glucagon signalling,13722.77738
PKMTs methylate histone lysines,8363.739648
PLC beta mediated events,12625.07658
PPARA activates gene expression,10558.29897
PRC2 methylates histones and DNA,14857.47736
PTEN Regulation,17618.79935
"PTK6 Regulates RHO GTPases, RAS GTPase and MAP kinases",19501.75508
Paradoxical activation of RAF signaling by kinase inactive BRAF,15107.82984
Pausing and recovery of HIV elongation,19460.35942
Pausing and recovery of Tat-mediated HIV elongation,19768.50353
Pentose phosphate pathway,7627.20488
Peptide chain elongation,11310.01595
Peptide hormone metabolism,9001.649105
Peptide ligand-binding receptors,15914.34525
Peroxisomal lipid metabolism,23545.74937
Peroxisomal protein import,15010.2352
Pervasive developmental disorders,8090.083859
Phase 0 - rapid depolarisation,16502.20732
Phase 4 - resting membrane potential,17378.48502
Phase I - Functionalization of compounds,17156.58904
Phase II - Conjugation of compounds,8545.470706
Phospholipid metabolism,9035.865456
Phosphorylation of the APC/C,6221.186551
Pink/Parkin Mediated Mitophagy,12460.27181
Plasma lipoprotein assembly,8211.460679
Plasma lipoprotein clearance,15866.65608
Plasma lipoprotein remodeling,10053.13261
Platelet Aggregation (Plug Formation),16550.20265
"Platelet activation, signaling and aggregation",14917.87708
Platelet calcium homeostasis,19800.18511
Platelet homeostasis,16952.33229
Platelet sensitization by LDL,6169.133865
Polo-like kinase mediated events,6606.075265
Polymerase switching,9776.681866
Polymerase switching on the C-strand of the telomere,9776.681866
Positive epigenetic regulation of rRNA expression,15274.8473
Post NMDA receptor activation events,16792.30256
Post-chaperonin tubulin folding pathway,13871.56588
Post-translational protein modification,14385.60914
Post-translational protein phosphorylation,8695.217411
Potassium Channels,20908.91115
Pre-NOTCH Expression and Processing,13676.88135
Pre-NOTCH Processing in Golgi,16106.8011
Pre-NOTCH Transcription and Translation,12470.4072
Prefoldin mediated transfer of substrate  to CCT/TriC,15047.61419
Presynaptic function of Kainate receptors,20383.64074
Presynaptic phase of homologous DNA pairing and strand exchange,12349.53562
Processing and activation of SUMO,5153.559569
Processing of Capped Intron-Containing Pre-mRNA,16264.63514
Processing of Capped Intronless Pre-mRNA,12510.99487
Processing of DNA double-strand break ends,13008.1893
Processing of Intronless Pre-mRNAs,12361.35708
Processing of SMDT1,11684.6459
Processive synthesis on the C-strand of the telomere,6927.49272
Processive synthesis on the lagging strand,8641.572871
Programmed Cell Death,15773.10974
Prolactin receptor signaling,9796.759185
Prolonged ERK activation events,14076.36254
Prostacyclin signalling through prostacyclin receptor,22175.29013
Protein folding,15254.96409
Protein localization,14221.15457
Protein methylation,14925.04774
Protein ubiquitination,15862.124
Protein-protein interactions at synapses,19271.49466
Purine catabolism,6444.284623
Purine ribonucleoside monophosphate biosynthesis,23193.28855
Pyruvate metabolism,11948.74757
Pyruvate metabolism and Citric Acid (TCA) cycle,15846.76358
RA biosynthesis pathway,6322.379317
RAB GEFs exchange GTP for GDP on RABs,13298.86359
RAB geranylgeranylation,13322.33571
RAF activation,14837.15078
RAF-independent MAPK1/3 activation,6166.596794
RAF/MAP kinase cascade,14608.59153
RET signaling,9745.235019
RHO GTPase Effectors,11586.66972
RHO GTPases Activate Formins,10549.26261
RHO GTPases Activate NADPH Oxidases,12652.18664
RHO GTPases Activate ROCKs,15939.21311
RHO GTPases Activate WASPs and WAVEs,10338.13103
RHO GTPases activate CIT,15535.09339
RHO GTPases activate IQGAPs,12372.60892
RHO GTPases activate KTN1,8440.420107
RHO GTPases activate PAKs,14774.15173
RHO GTPases activate PKNs,15116.08836
RIP-mediated NFkB activation via ZBP1,10285.8128
RIPK1-mediated regulated necrosis,9379.644794
RMTs methylate histone arginines,10457.09247
RNA Pol II CTD phosphorylation and interaction with CE,19135.77232
RNA Pol II CTD phosphorylation and interaction with CE during HIV infection,19135.77232
RNA Polymerase I Promoter Clearance,18006.46328
RNA Polymerase I Promoter Escape,18665.34753
RNA Polymerase I Transcription,18006.46328
RNA Polymerase I Transcription Initiation,17244.467
RNA Polymerase I Transcription Termination,17397.27011
RNA Polymerase II HIV Promoter Escape,17442.34746
RNA Polymerase II Pre-transcription Events,17352.18534
RNA Polymerase II Promoter Escape,17442.34746
RNA Polymerase II Transcription,14344.90964
RNA Polymerase II Transcription Elongation,17718.17294
RNA Polymerase II Transcription Initiation,17442.34746
RNA Polymerase II Transcription Initiation And Promoter Clearance,17442.34746
RNA Polymerase II Transcription Pre-Initiation And Promoter Opening,17442.34746
RNA Polymerase II Transcription Termination,12860.54942
RNA Polymerase III Abortive And Retractive Initiation,15847.73008
RNA Polymerase III Chain Elongation,17488.54585
RNA Polymerase III Transcription,15847.73008
RNA Polymerase III Transcription Initiation,15726.82505
RNA Polymerase III Transcription Initiation From Type 1 Promoter,15829.1871
RNA Polymerase III Transcription Initiation From Type 2 Promoter,16827.31603
RNA Polymerase III Transcription Initiation From Type 3 Promoter,16945.41944
RNA Polymerase III Transcription Termination,17130.23601
RNA polymerase II transcribes snRNA genes,17269.38412
RORA activates gene expression,5741.762277
ROS and RNS production in phagocytes,17079.06009
RUNX1 interacts with co-factors whose precise effect on RUNX1 targets is not known,11106.37799
RUNX1 regulates genes involved in megakaryocyte differentiation and platelet function,11595.24992
RUNX1 regulates transcription of genes involved in differentiation of HSCs,18453.59543
RUNX2 regulates bone development,7917.585577
RUNX2 regulates osteoblast differentiation,7973.971464
RUNX3 regulates NOTCH signaling,15133.95949
Rab regulation of trafficking,14256.67009
Rap1 signalling,21436.88012
Ras activation upon Ca2+ influx through NMDA receptor,21245.93417
Receptor Mediated Mitophagy,13392.2079
Recognition of DNA damage by PCNA-containing replication complex,8043.772286
Recruitment and ATM-mediated phosphorylation of repair and signaling proteins at DNA double strand breaks,14215.84896
Recruitment of NuMA to mitotic centrosomes,13070.15327
Recruitment of mitotic centrosome proteins and complexes,13501.77596
Recycling pathway of L1,12270.2527
Regulated Necrosis,9379.644794
Regulated proteolysis of p75NTR,16158.92676
Regulation by c-FLIP,5199.374851
Regulation of APC/C activators between G1/S and early anaphase,15717.69199
Regulation of Apoptosis,17803.74585
Regulation of Complement cascade,11705.99575
Regulation of FOXO transcriptional activity by acetylation,13379.73833
Regulation of FZD by ubiquitination,13644.48962
Regulation of Glucokinase by Glucokinase Regulatory Protein,14989.79594
Regulation of HSF1-mediated heat shock response,14530.60081
Regulation of IFNA signaling,8233.009866
Regulation of IFNG signaling,7182.737907
Regulation of KIT signaling,12171.42668
Regulation of MECP2 expression and activity,6923.277967
Regulation of PLK1 Activity at G2/M Transition,14317.54717
Regulation of PTEN gene transcription,15030.78099
Regulation of PTEN stability and activity,18153.87077
Regulation of RAS by GAPs,18374.55687
Regulation of RUNX1 Expression and Activity,15039.96853
Regulation of RUNX2 expression and activity,17664.32708
Regulation of RUNX3 expression and activity,17679.00644
Regulation of TNFR1 signaling,13651.64616
Regulation of TP53 Activity,12094.57068
Regulation of TP53 Activity through Acetylation,14547.61524
Regulation of TP53 Activity through Association with Co-factors,20178.49631
Regulation of TP53 Activity through Methylation,4651.232926
Regulation of TP53 Activity through Phosphorylation,11160.46979
Regulation of TP53 Degradation,12921.45507
Regulation of TP53 Expression and Degradation,12945.4882
Regulation of actin dynamics for phagocytic cup formation,10943.51111
Regulation of activated PAK-2p34 by proteasome mediated degradation,17616.90761
Regulation of beta-cell development,16774.74894
Regulation of cholesterol biosynthesis by SREBP (SREBF),8478.446688
Regulation of expression of SLITs and ROBOs,17550.59759
Regulation of gene expression in late stage (branching morphogenesis) pancreatic bud precursor cells,15160.2838
Regulation of insulin secretion,14098.15358
Regulation of lipid metabolism by Peroxisome proliferator-activated receptor alpha (PPARalpha),10287.45515
Regulation of localization of FOXO transcription factors,22846.42615
Regulation of mRNA stability by proteins that bind AU-rich elements,17110.53582
Regulation of mitotic cell cycle,15711.12284
Regulation of necroptotic cell death,5199.374851
Regulation of ornithine decarboxylase (ODC),19561.05865
Regulation of pyruvate dehydrogenase (PDH) complex,17360.16911
Regulation of signaling by CBL,8555.454019
Regulation of the apoptosome activity,19713.00651
Removal of the Flap Intermediate,8641.572871
Removal of the Flap Intermediate from the C-strand,8132.277987
Repression of WNT target genes,10171.8365
Reproduction,16471.78268
Resolution of AP sites via the multiple-nucleotide patch replacement pathway,9341.767617
Resolution of Abasic Sites (AP sites),10209.17515
Resolution of D-Loop Structures,13096.80933
Resolution of D-loop Structures through Holliday Junction Intermediates,13096.80933
Resolution of D-loop Structures through Synthesis-Dependent Strand Annealing (SDSA),9682.844373
Resolution of Sister Chromatid Cohesion,10582.70568
Respiratory electron transport,17232.02241
"Respiratory electron transport, ATP synthesis by chemiosmotic coupling, and heat production by uncoupling proteins.",17031.96908
Retinoid metabolism and transport,12905.10501
Retrograde neurotrophin signalling,14435.58046
Retrograde transport at the Trans-Golgi-Network,13789.47576
Rev-mediated nuclear export of HIV RNA,14092.02813
Rho GTPase cycle,10358.72406
Ribosomal scanning and start codon recognition,11369.48606
Role of LAT2/NTAL/LAB on calcium mobilization,6881.018353
Role of phospholipids in phagocytosis,10536.17666
S Phase,13565.64686
S33 mutants of beta-catenin aren't phosphorylated,9742.628069
S37 mutants of beta-catenin aren't phosphorylated,9742.628069
S45 mutants of beta-catenin aren't phosphorylated,9742.628069
SCF(Skp2)-mediated degradation of p27/p21,18127.90546
SCF-beta-TrCP mediated degradation of Emi1,17982.52676
SEMA3A-Plexin repulsion signaling by inhibiting Integrin adhesion,12741.93435
SHC-mediated cascade:FGFR1,9264.334707
SHC1 events in EGFR signaling,9148.743442
SHC1 events in ERBB2 signaling,7212.921428
SHC1 events in ERBB4 signaling,10728.4126
SLBP Dependent Processing of Replication-Dependent Histone Pre-mRNAs,13653.14669
SLBP independent Processing of Histone Pre-mRNAs,16250.40182
SLC transporter disorders,14829.12702
SLC-mediated transmembrane transport,15855.5325
SMAD2/SMAD3:SMAD4 heterotrimer regulates transcription,11123.35507
SRP-dependent cotranslational protein targeting to membrane,13885.85913
STING mediated induction of host immune responses,15425.77381
SUMO E3 ligases SUMOylate target proteins,12535.91053
SUMOylation,12223.6158
SUMOylation of DNA damage response and repair proteins,15203.20139
SUMOylation of DNA methylation proteins,17503.42413
SUMOylation of DNA replication proteins,11104.34485
SUMOylation of RNA binding proteins,15419.96878
SUMOylation of SUMOylation proteins,13083.37366
SUMOylation of chromatin organization proteins,14842.12924
SUMOylation of immune response proteins,11245.46676
SUMOylation of intracellular receptors,12370.4377
SUMOylation of transcription cofactors,9377.199191
SUMOylation of transcription factors,7063.017629
SUMOylation of ubiquitinylation proteins,13724.84787
Selenoamino acid metabolism,15773.77993
Selenocysteine synthesis,13015.60046
Sema3A PAK dependent Axon repulsion,13610.21275
Sema4D in semaphorin signaling,10007.75329
Sema4D induced cell migration and growth-cone collapse,9556.990821
Semaphorin interactions,12085.45501
Senescence-Associated Secretory Phenotype (SASP),5203.238188
Separation of Sister Chromatids,13120.21493
Sialic acid metabolism,11823.79857
Signal amplification,17172.59657
Signal transduction by L1,13276.83294
Signaling by Activin,8500.863958
Signaling by BMP,6436.505695
Signaling by BRAF and RAF fusions,17011.00894
Signaling by EGFR,11409.35075
Signaling by EGFR in Cancer,7594.226657
Signaling by EGFRvIII in Cancer,6791.410909
Signaling by ERBB2,8873.393659
Signaling by ERBB4,11334.80673
Signaling by Erythropoietin,8334.110398
Signaling by FGFR,16249.65931
Signaling by FGFR in disease,14162.85517
Signaling by FGFR1,12052.62455
Signaling by FGFR1 in disease,9356.358778
Signaling by FGFR2,15634.52042
Signaling by FGFR2 IIIa TM,16740.74752
Signaling by FGFR2 in disease,14982.48915
Signaling by FGFR3,9012.882315
Signaling by FGFR3 in disease,8108.043559
Signaling by FGFR3 point mutants in cancer,8108.043559
Signaling by FGFR4,8980.561987
Signaling by FGFR4 in disease,10062.14988
Signaling by GPCR,14479.53226
Signaling by Hedgehog,16490.47969
Signaling by Hippo,17077.16161
Signaling by Insulin receptor,12890.21223
Signaling by Interleukins,13546.23951
Signaling by Ligand-Responsive EGFR Variants in Cancer,5675.107407
Signaling by MET,10364.8429
Signaling by NODAL,8671.352847
Signaling by NOTCH,15365.10318
Signaling by NOTCH1,12253.70766
Signaling by NOTCH1 HD Domain Mutants in Cancer,14548.81107
Signaling by NOTCH1 HD+PEST Domain Mutants in Cancer,13213.36347
Signaling by NOTCH1 PEST Domain Mutants in Cancer,13213.36347
Signaling by NOTCH1 in Cancer,13213.36347
Signaling by NOTCH2,13664.82341
Signaling by NOTCH3,14643.57447
Signaling by NOTCH4,17259.00525
Signaling by NTRK1 (TRKA),10925.19955
Signaling by NTRK2 (TRKB),8250.795548
Signaling by NTRK3 (TRKC),9181.582961
Signaling by NTRKs,10699.10557
Signaling by Non-Receptor Tyrosine Kinases,16279.46086
Signaling by Nuclear Receptors,14535.90082
Signaling by PDGF,14127.0111
Signaling by PTK6,16279.46086
Signaling by RAS mutants,15107.82984
Signaling by ROBO receptors,16170.8218
Signaling by Receptor Tyrosine Kinases,14062.38776
Signaling by Retinoic Acid,16950.45152
Signaling by Rho GTPases,11386.91982
Signaling by SCF-KIT,11860.20113
Signaling by TGF-beta Receptor Complex,10727.95436
Signaling by TGF-beta family members,10175.93727
Signaling by Type 1 Insulin-like Growth Factor 1 Receptor (IGF1R),8892.220553
Signaling by VEGF,14008.07005
Signaling by WNT,16683.28477
Signaling by WNT in cancer,12153.47732
Signaling by cytosolic FGFR1 fusion mutants,8336.404144
Signaling by high-kinase activity BRAF mutants,15313.78061
Signaling by moderate kinase activity BRAF mutants,15107.82984
Signaling downstream of RAS mutants,15107.82984
Signalling to ERKs,12464.57301
Signalling to RAS,10864.0544
Smooth Muscle Contraction,11003.86683
Sphingolipid de novo biosynthesis,13851.17485
Sphingolipid metabolism,15671.54862
Spry regulation of FGF signaling,9193.994244
Stabilization of p53,18444.12923
Stimuli-sensing channels,14446.29719
Striated Muscle Contraction,13516.13958
Sulfur amino acid metabolism,13092.24895
Switching of origins to a post-replicative state,14358.26816
Synaptic adhesion-like molecules,19328.23148
Syndecan interactions,6901.745045
"Synthesis And Processing Of GAG, GAGPOL Polyproteins",10912.42807
Synthesis of DNA,13579.06087
"Synthesis of IP2, IP, and Ins in the cytosol",11985.51657
Synthesis of IP3 and IP4 in the cytosol,15922.68036
Synthesis of PA,15934.14677
Synthesis of PC,6833.133346
Synthesis of PIPs at the Golgi membrane,19012.09979
Synthesis of PIPs at the early endosome membrane,15921.54427
Synthesis of PIPs at the late endosome membrane,20071.58018
Synthesis of PIPs at the plasma membrane,10879.60176
Synthesis of bile acids and bile salts,8543.976628
Synthesis of bile acids and bile salts via 7alpha-hydroxycholesterol,7724.413028
Synthesis of glycosylphosphatidylinositol (GPI),25803.65088
Synthesis of substrates in N-glycan biosythesis,14619.15246
"Synthesis, secretion, and inactivation of Glucagon-like Peptide-1 (GLP-1)",13459.04865
T41 mutants of beta-catenin aren't phosphorylated,9742.628069
TAK1 activates NFkB by phosphorylation and activation of IKKs complex,14332.60294
TBC/RABGAPs,15336.93226
TCF dependent signaling in response to WNT,17031.601
TCR signaling,16906.63768
TGF-beta receptor signaling activates SMADs,11879.529
TGF-beta receptor signaling in EMT (epithelial to mesenchymal transition),11478.07426
"TICAM1, RIP1-mediated IKK complex recruitment",11155.17833
TNF receptor superfamily (TNFSF) members mediating non-canonical NF-kB pathway,7908.387114
TNF signaling,16559.31049
TNFR1-induced NFkappaB signaling pathway,14383.14155
TNFR1-induced proapoptotic signaling,4698.228888
TNFR2 non-canonical NF-kB pathway,16397.25396
TP53 Regulates Metabolic Genes,13008.17172
TP53 Regulates Transcription of Cell Cycle Genes,10623.27101
TP53 Regulates Transcription of Cell Death Genes,13697.81936
TP53 Regulates Transcription of DNA Repair Genes,18235.26847
TP53 Regulates Transcription of Death Receptors and Ligands,15022.76251
TP53 Regulates Transcription of Genes Involved in Cytochrome C Release,14884.98689
TP53 Regulates Transcription of Genes Involved in G1 Cell Cycle Arrest,14820.48756
TP53 Regulates Transcription of Genes Involved in G2 Cell Cycle Arrest,11207.08317
TP53 regulates transcription of additional cell cycle genes whose exact role in the p53 pathway remain uncertain,6521.984258
TP53 regulates transcription of several additional cell death genes whose specific roles in p53-dependent apoptosis remain uncertain,13304.84522
TRAF3-dependent IRF activation pathway,11928.4704
TRAF6 mediated IRF7 activation,11349.192
TRAF6 mediated NF-kB activation,11269.4407
TRAF6 mediated induction of NFkB and MAP kinases upon TLR7/8 or 9 activation,11380.9268
TRAF6-mediated induction of TAK1 complex within TLR4 complex,12745.46952
Tat-mediated HIV elongation arrest and recovery,19768.50353
Tat-mediated elongation of the HIV-1 transcript,19398.96904
Telomere C-strand (Lagging Strand) Synthesis,8405.411567
Telomere Maintenance,12669.7855
Termination of translesion DNA synthesis,8948.86309
"Tetrahydrobiopterin (BH4) synthesis, recycling, salvage and regulation",9724.661014
The NLRP3 inflammasome,5507.360083
The citric acid (TCA) cycle and respiratory electron transport,16366.08522
The phototransduction cascade,12820.30283
The role of GTSE1 in G2/M progression after G2 checkpoint,17611.91414
The role of Nef in HIV-1 replication and disease pathogenesis,18001.03326
Thrombin signalling through proteinase activated receptors (PARs),14586.15621
Thromboxane signalling through TP receptor,18620.78672
Tie2 Signaling,6532.664131
Toll Like Receptor 10 (TLR10) Cascade,11620.81915
Toll Like Receptor 2 (TLR2) Cascade,12081.65868
Toll Like Receptor 3 (TLR3) Cascade,11089.46947
Toll Like Receptor 4 (TLR4) Cascade,11778.86004
Toll Like Receptor 5 (TLR5) Cascade,11620.81915
Toll Like Receptor 7/8 (TLR7/8) Cascade,11421.77595
Toll Like Receptor 9 (TLR9) Cascade,11176.0098
Toll Like Receptor TLR1:TLR2 Cascade,12081.65868
Toll Like Receptor TLR6:TLR2 Cascade,12081.65868
Toll-like Receptor Cascades,12160.00169
Trafficking of AMPA receptors,17253.85515
Transcription of E2F targets under negative control by DREAM complex,6125.199778
Transcription of E2F targets under negative control by p107 (RBL1) and p130 (RBL2) in complex with HDAC1,6585.717279
Transcription of the HIV genome,18490.92888
Transcription-Coupled Nucleotide Excision Repair (TC-NER),13867.10937
Transcriptional Regulation by E2F6,14137.10772
Transcriptional Regulation by MECP2,10482.1266
Transcriptional Regulation by TP53,13549.6424
Transcriptional activation of mitochondrial biogenesis,10502.11466
Transcriptional activity of SMAD2/SMAD3:SMAD4 heterotrimer,9060.112724
Transcriptional regulation by RUNX1,15346.14942
Transcriptional regulation by RUNX2,16583.98869
Transcriptional regulation by RUNX3,17337.67881
Transcriptional regulation by small RNAs,15571.3686
Transcriptional regulation by the AP-2 (TFAP2) family of transcription factors,8942.668609
Transcriptional regulation of granulopoiesis,13007.4265
Transcriptional regulation of white adipocyte differentiation,10031.08865
Transferrin endocytosis and recycling,15891.71058
Translation,13975.06919
Translation initiation complex formation,12059.60585
Translesion Synthesis by POLH,13636.29137
Translesion synthesis by POLI,9075.897087
Translesion synthesis by POLK,8782.500247
Translesion synthesis by REV1,9032.128514
Translesion synthesis by Y family DNA polymerases bypasses lesions on DNA template,9883.253054
Translocation of SLC2A4 (GLUT4) to the plasma membrane,11729.55462
Transmission across Chemical Synapses,18156.08371
Transport of Mature Transcript to Cytoplasm,14140.41243
Transport of Mature mRNA Derived from an Intronless Transcript,16241.16141
Transport of Mature mRNA derived from an Intron-Containing Transcript,14079.9843
Transport of Mature mRNAs Derived from Intronless Transcripts,15579.88638
Transport of Ribonucleoproteins into the Host Nucleus,14326.94469
"Transport of bile salts and organic acids, metal ions and amine compounds",12412.0291
Transport of inorganic cations/anions and amino acids/oligopeptides,16097.17604
Transport of small molecules,17271.71514
Transport of the SLBP Dependant Mature mRNA,15779.13159
Transport of the SLBP independent Mature mRNA,16471.1611
"Transport of vitamins, nucleosides, and related molecules",21623.10342
Transport to the Golgi and subsequent modification,14216.51982
Triglyceride catabolism,19456.09273
Triglyceride metabolism,13336.7589
"Tristetraprolin (TTP, ZFP36) binds and destabilizes mRNA",15630.02866
UCH proteinases,16116.59828
Ub-specific processing proteases,17061.06752
Ubiquitin Mediated Degradation of Phosphorylated Cdc25A,18403.81997
Ubiquitin-dependent degradation of Cyclin D,17487.20883
"Unblocking of NMDA receptors, glutamate binding and activation",20664.10769
Unfolded Protein Response (UPR),15447.58107
Unwinding of DNA,6763.862032
VEGFA-VEGFR2 Pathway,13937.04306
VEGFR2 mediated cell proliferation,14843.54227
VEGFR2 mediated vascular permeability,14537.77087
VLDLR internalisation and degradation,13634.2877
Vasopressin regulates renal water homeostasis via Aquaporins,20058.56292
Vesicle-mediated transport,13346.50327
Vif-mediated degradation of APOBEC3G,17487.39879
Viral Messenger RNA Synthesis,16358.60466
Viral mRNA Translation,11310.01595
Visual phototransduction,13718.48355
Vitamin B5 (pantothenate) metabolism,17286.15048
Voltage gated Potassium channels,20067.42873
Vpr-mediated nuclear import of PICs,16705.08378
Vpu mediated degradation of CD4,18394.29751
VxPx cargo-targeting to cilium,6633.407068
WNT ligand biogenesis and trafficking,17135.39415
"WNT5A-dependent internalization of FZD2, FZD5 and ROR2",11559.87522
WNT5A-dependent internalization of FZD4,10724.56058
XBP1(S) activates chaperone genes,19063.79829
YAP1- and WWTR1 (TAZ)-stimulated gene expression,5384.353335
ZBP1(DAI) mediated induction of type I IFNs,9164.38343
Zinc transporters,13227.35416
activated TAK1 mediates p38 MAPK activation,14937.51844
alpha-linolenic (omega3) and linoleic (omega6) acid metabolism,21807.22105
alpha-linolenic acid (ALA) metabolism,21807.22105
mRNA 3'-end processing,12974.36379
mRNA Capping,19378.15734
mRNA Splicing,16715.67068
mRNA decay by 3' to 5' exoribonuclease,14327.14822
mRNA decay by 5' to 3' exoribonuclease,17552.606
mTOR signalling,16868.98944
mTORC1-mediated signalling,12299.69173
p38MAPK events,14239.80386
p53-Dependent G1 DNA Damage Response,18761.64557
p53-Dependent G1/S DNA damage checkpoint,18761.64557
p53-Independent DNA Damage Response,18403.81997
p53-Independent G1/S DNA damage checkpoint,18403.81997
p75 NTR receptor-mediated signalling,11492.47924
p75NTR signals via NF-kB,6469.228552
phosphorylation site mutants of CTNNB1 are not targeted to the proteasome by the destruction complex,9742.628069
rRNA modification in the nucleus and cytosol,17140.5632
rRNA processing,16523.85028
rRNA processing in the nucleus and cytosol,16609.70263
snRNP Assembly,15083.50552
tRNA Aminoacylation,20233.41325
tRNA modification in the nucleus and cytosol,15894.77143
tRNA processing,14132.42149
tRNA processing in the nucleus,12601.04065
trans-Golgi Network Vesicle Budding,16129.31324